{"time":1528646192500,"pressure":47.13681589770192,"counter":6,"speed":8174.0320053231135,"quality_diameter":10.049788925354136,"quality_surface":0.9846308056654642,"temp1":447.0883009278033,"temp2":545.0126692294004,"bit_diameter":24.994999999999994}